,mean,sd,hdi_3%,hdi_97%,mcse_mean,mcse_sd,ess_bulk,ess_tail,r_hat
beta0,-2.797207,0.10246,-2.974698,-2.596756,0.003435,0.002034,887.981059,1529.597261,1.002183
beta_age,-0.544995,0.027336,-0.594434,-0.492765,0.000351,0.000417,6083.382635,3249.25695,0.99998
beta_week,0.370638,0.021959,0.330795,0.413078,0.000227,0.000393,9360.620983,3063.176891,1.00025
sigma_eps,1.015482,0.016402,0.984563,1.045512,0.0002,0.000278,6758.945466,2729.124775,1.002878
sigma_pro,0.521916,0.076578,0.383498,0.666453,0.002361,0.001211,1029.41883,1693.086021,1.008147
sigma_season,0.299484,0.051718,0.204599,0.39918,0.00133,0.00086,1493.140473,2390.074541,1.002619
