{
  "structural": {
    "fans": {
      "pro": {
        "mean": 0.19604181495946738,
        "median": 0.1912068654847611,
        "hdi_3": 0.11888217348337335,
        "hdi_97": 0.28971003654632355
      },
      "season": {
        "mean": 0.0656866302822601,
        "median": 0.06259539217667102,
        "hdi_3": 0.029829991372329112,
        "hdi_97": 0.10836601513062809
      },
      "celeb": {
        "mean": 0.0,
        "median": 0.0,
        "hdi_3": 0.0,
        "hdi_97": 0.0
      },
      "eps": {
        "mean": 0.7382715547582724,
        "median": 0.7420151770744323,
        "hdi_3": 0.6550694557471832,
        "hdi_97": 0.8255237385906656
      },
      "n_samples": 4000
    },
    "judges": {
      "pro": {
        "mean": 0.07439447776185881,
        "median": 0.07016450872006441,
        "hdi_3": 0.03079883279697954,
        "hdi_97": 0.12233791431701645
      },
      "season": {
        "mean": 0.007894570511735354,
        "median": 0.005971078284792961,
        "hdi_3": 6.487387743781328e-08,
        "hdi_97": 0.02088705644488837
      },
      "celeb": {
        "mean": 0.0,
        "median": 0.0,
        "hdi_3": 0.0,
        "hdi_97": 0.0
      },
      "eps": {
        "mean": 0.9177109517264059,
        "median": 0.921333779280201,
        "hdi_3": 0.8659861997342975,
        "hdi_97": 0.9656787436827767
      },
      "n_samples": 2504
    },
    "delta_mean_fans_minus_judges": {
      "pro": 0.12164733719760856,
      "season": 0.05779205977052475,
      "celeb": 0.0,
      "eps": -0.1794393969681335
    },
    "definition": "shares computed from sigma^2 components excluding measurement error"
  },
  "observed_noise_adjusted": {
    "fans": {
      "pro": {
        "mean": 0.17436598576687162,
        "median": 0.16980990599553625,
        "hdi_3": 0.10006979741715913,
        "hdi_97": 0.255369551044899
      },
      "season": {
        "mean": 0.05836524516472352,
        "median": 0.05557923163034312,
        "hdi_3": 0.02556906713963789,
        "hdi_97": 0.09545278627521636
      },
      "celeb": {
        "mean": 0.0,
        "median": 0.0,
        "hdi_3": 0.0,
        "hdi_97": 0.0
      },
      "eps": {
        "mean": 0.655515074156518,
        "median": 0.658290987217253,
        "hdi_3": 0.5869683271111131,
        "hdi_97": 0.7234489184025629
      },
      "measurement": {
        "mean": 0.11175369491188672,
        "median": 0.11207016380139113,
        "hdi_3": 0.09976826465677661,
        "hdi_97": 0.12343865539685579
      },
      "mean_se2_used": 0.17574683846654265,
      "n_samples": 4000
    },
    "judges": {
      "pro": {
        "mean": 0.07439447776185881,
        "median": 0.07016450872006441,
        "hdi_3": 0.03079883279697954,
        "hdi_97": 0.12233791431701645
      },
      "season": {
        "mean": 0.007894570511735354,
        "median": 0.005971078284792961,
        "hdi_3": 6.487387743781328e-08,
        "hdi_97": 0.02088705644488837
      },
      "celeb": {
        "mean": 0.0,
        "median": 0.0,
        "hdi_3": 0.0,
        "hdi_97": 0.0
      },
      "eps": {
        "mean": 0.9177109517264059,
        "median": 0.921333779280201,
        "hdi_3": 0.8659861997342975,
        "hdi_97": 0.9656787436827767
      },
      "measurement": {
        "mean": 0.0,
        "median": 0.0,
        "hdi_3": 0.0,
        "hdi_97": 0.0
      },
      "mean_se2_used": 0.0,
      "n_samples": 2504
    },
    "definition": "shares computed from sigma^2 components including mean(se_obs^2) as measurement component (fans only)"
  }
}