,mean,sd,hdi_3%,hdi_97%,mcse_mean,mcse_sd,ess_bulk,ess_tail,r_hat
beta0,-3.131238,0.099023,-3.325223,-2.956181,0.00172,0.001583,3301.734426,3086.410505,1.000052
beta_age,-0.622571,0.054757,-0.720363,-0.516351,0.001057,0.000875,2684.003145,2164.42132,1.000725
beta_week,0.199684,0.01968,0.162006,0.236792,0.000249,0.00031,6225.433886,3169.465451,0.999447
sigma_eps,0.742033,0.015156,0.714323,0.771261,0.000238,0.000231,4042.23179,2876.184819,1.000798
sigma_pro,0.303069,0.086281,0.141643,0.464397,0.00339,0.001881,643.609659,1053.473874,1.008386
sigma_season,0.176763,0.089196,0.005875,0.322667,0.004189,0.001916,443.684017,778.572714,1.004185
sigma_celeb,0.931427,0.044952,0.850346,1.017921,0.001351,0.000697,1110.181861,1964.359072,1.000036
