{
  "inputs": {
    "trace": "data/M09_trace_m3_fans_latent.nc",
    "panel": "data/M01_panel_m3.csv",
    "map": "data/M01_keymap_m3.json"
  },
  "structural_shares": {
    "eps": {
      "mean": 0.35452372801565707,
      "sd": 0.023960313998630037,
      "hdi_3": 0.31118906973183985,
      "hdi_97": 0.3995461853810657
    },
    "pro": {
      "mean": 0.06303704931858518,
      "sd": 0.0326575892147102,
      "hdi_3": 0.010992545970703052,
      "hdi_97": 0.1271615052040406
    },
    "season": {
      "mean": 0.024843296802996438,
      "sd": 0.02173156860386381,
      "hdi_3": 7.941965822932169e-08,
      "hdi_97": 0.06296694098181548
    },
    "celeb": {
      "mean": 0.5575959258627613,
      "sd": 0.038453938349091964,
      "hdi_3": 0.4853924122344775,
      "hdi_97": 0.6283547943603738
    }
  },
  "sigmas": {
    "sigma_eps": {
      "mean": 0.7420333427085022,
      "sd": 0.015154440075250115,
      "hdi_3": 0.7143234802347406,
      "hdi_97": 0.7712607350261549
    },
    "sigma_pro": {
      "mean": 0.30306897410331257,
      "sd": 0.08626980847994441,
      "hdi_3": 0.14164296122164832,
      "hdi_97": 0.46439676916907696
    },
    "sigma_season": {
      "mean": 0.17676347086469751,
      "sd": 0.08918454202932805,
      "hdi_3": 0.005875013399327868,
      "hdi_97": 0.3226672871759706
    },
    "sigma_celeb": {
      "mean": 0.931427079743301,
      "sd": 0.044946758740821574,
      "hdi_3": 0.8503461815893647,
      "hdi_97": 1.017920626817935
    }
  }
}