{
  "ppc_csv": "data/T19_ppc_replay_summary_route2_v3B.csv",
  "t05": "data/T05_model_ready_events_route2_v3B.csv",
  "n_events": 335,
  "overall": {
    "n": 335,
    "p_mean": 0.3422873699951824,
    "p_median": 0.1681789641799431,
    "p_q25": 0.10110045698078404,
    "p_q75": 0.3321357325211123,
    "logp_mean": -1.6416022582314551,
    "logp_median": -1.7883300131681736,
    "share_p_gt_0p5": 0.22388059701492538,
    "share_p_gt_0p2": 0.4597014925373134,
    "share_p_gt_0p1": 0.7791044776119403
  },
  "by_rule_mode": {
    "percent": {
      "n": 248,
      "p_mean": 0.31514421308412927,
      "p_median": 0.12753666049032175,
      "p_q25": 0.09288844431150647,
      "p_q75": 0.25382477676912146,
      "logp_mean": -1.7636197274843146,
      "logp_median": -2.0620677916234778,
      "share_p_gt_0p5": 0.21774193548387097,
      "share_p_gt_0p2": 0.35080645161290325,
      "share_p_gt_0p1": 0.7379032258064516
    },
    "rank": {
      "n": 87,
      "p_mean": 0.4196609667071499,
      "p_median": 0.3006499087690559,
      "p_q25": 0.20878315235271594,
      "p_q75": 0.47753482746257253,
      "logp_mean": -1.2937823458784754,
      "logp_median": -1.2570212688538245,
      "share_p_gt_0p5": 0.2413793103448276,
      "share_p_gt_0p2": 0.7701149425287356,
      "share_p_gt_0p1": 0.896551724137931
    }
  },
  "by_use_two_stage": {
    "0": {
      "n": 291,
      "p_mean": 0.35922386372873705,
      "p_median": 0.1469968094793699,
      "p_q25": 0.10087321761507176,
      "p_q75": 1.0,
      "logp_mean": -1.634733220744062,
      "logp_median": -1.92844804374866,
      "share_p_gt_0p5": 0.25773195876288657,
      "share_p_gt_0p2": 0.41580756013745707,
      "share_p_gt_0p1": 0.7697594501718213
    },
    "1": {
      "n": 44,
      "p_mean": 0.23027555916644593,
      "p_median": 0.27368791947038273,
      "p_q25": 0.19086539477648418,
      "p_q75": 0.30228180232759405,
      "logp_mean": -1.6870315743412592,
      "logp_median": -1.34824722908278,
      "share_p_gt_0p5": 0.0,
      "share_p_gt_0p2": 0.75,
      "share_p_gt_0p1": 0.8409090909090909
    }
  },
  "by_elim_count": {
    "0": {
      "n": 74,
      "p_mean": 1.0,
      "p_median": 1.0,
      "p_q25": 1.0,
      "p_q75": 1.0,
      "logp_mean": 0.0,
      "logp_median": 0.0,
      "share_p_gt_0p5": 1.0,
      "share_p_gt_0p2": 1.0,
      "share_p_gt_0p1": 1.0
    },
    "1": {
      "n": 221,
      "p_mean": 0.16731956079080365,
      "p_median": 0.1427929413656649,
      "p_q25": 0.1010747840056973,
      "p_q75": 0.2073085946495953,
      "logp_mean": -1.9294129897611354,
      "logp_median": -2.001722762316495,
      "share_p_gt_0p5": 0.004524886877828055,
      "share_p_gt_0p2": 0.334841628959276,
      "share_p_gt_0p1": 0.7918552036199095
    },
    "2": {
      "n": 38,
      "p_mean": 0.09558881846416212,
      "p_median": 0.04832805894400215,
      "p_q25": 0.018778259572573775,
      "p_q75": 0.13458215861317793,
      "logp_mean": -3.0249860318219985,
      "logp_median": -3.0362096912678442,
      "share_p_gt_0p5": 0.0,
      "share_p_gt_0p2": 0.15789473684210525,
      "share_p_gt_0p1": 0.3157894736842105
    },
    "3": {
      "n": 2,
      "p_mean": 0.0281354559901719,
      "p_median": 0.0281354559901719,
      "p_q25": 0.015868617637571202,
      "p_q75": 0.0404022943427726,
      "logp_mean": -4.293508280545289,
      "logp_median": -4.293508280545289,
      "share_p_gt_0p5": 0.0,
      "share_p_gt_0p2": 0.0,
      "share_p_gt_0p1": 0.0
    }
  }
}